;male;female;macro avg;weighted avg;train_accuracy;test_accuracy;kappa;auc
precision;0.7825726141078838;0.8302618816682832;0.8064172478880836;0.8064172478880834;0.9104427549194991;0.804561717352415;0.60912343470483;0.8834201119428061
recall;0.8434704830053668;0.7656529516994633;0.8045617173524151;0.804561717352415;0.9104427549194991;0.804561717352415;0.60912343470483;0.8834201119428061
f1-score;0.8118811881188119;0.796649604467194;0.804265396293003;0.804265396293003;0.9104427549194991;0.804561717352415;0.60912343470483;0.8834201119428061
support;1118.0;1118.0;2236.0;2236.0;0.9104427549194991;0.804561717352415;0.60912343470483;0.8834201119428061
